id,salary
604399,445000
988334,110000
301647,255000
582313,420000
339001,200000
609356,440000
1081649,150000
610842,105000
1183070,195000
794062,200000
1088206,335000
1279958,300000
471413,480000
1088423,550000
1066680,325000
407672,405000
205633,500000
924541,210000
512353,400000
1136577,360000
781327,240000
764522,120000
203323,430000
267354,120000
839626,120000
1169332,120000
669692,600000
48029,500000
1268344,240000
1274612,200000
230553,80000
1259836,330000
634352,450000
977034,240000
668869,325000
915600,215000
628753,315000
1036215,220000
955352,180000
449417,240000
1038837,60000
309954,165000
54289,180000
615097,150000
96613,370000
542950,145000
781196,100000
38441,300000
1269557,240000
512864,500000
390353,300000
1230200,300000
206976,510000
908780,150000
982729,240000
385303,145000
355322,240000
730991,310000
326762,450000
125654,380000
984121,300000
744799,300000
1048133,200000
1094787,170000
661812,95000
818701,335000
1063653,110000
189121,450000
640037,200000
906284,310000
330544,200000
643957,240000
335906,300000
657409,75000
271549,330000
964017,140000
1066577,320000
87319,1210000
962441,700000
335296,120000
833277,200000
239756,315000
555652,305000
543832,335000
244546,410000
610635,200000
1076441,315000
754392,120000
330813,310000
1072316,375000
1242113,240000
1084099,295000
435378,360000
108999,260000
982410,180000
1251678,100000
920550,160000
134985,310000
1062180,80000
1219078,325000
333542,400000
619605,475000
921298,180000
343541,250000
1284293,150000
53838,100000
1261333,300000
52923,465000
332800,200000
1190691,360000
196482,400000
110863,720000
79007,505000
263901,380000
552730,375000
111273,290000
604198,350000
30122,100000
920332,230000
282000,315000
1083018,615000
1069526,200000
810018,180000
1262987,260000
53921,1110000
281866,170000
1098849,180000
827639,340000
133296,145000
878844,120000
295362,180000
811394,325000
879261,95000
530147,205000
815714,280000
1290109,215000
729532,200000
1058583,350000
390616,190000
283428,520000
64844,335000
359993,220000
82837,450000
239715,445000
831320,200000
601131,420000
1199988,100000
324330,120000
1112865,315000
305041,480000
1062173,145000
327623,450000
360992,235000
1044759,330000
454921,320000
283164,715000
1238094,145000
702081,180000
470741,180000
1088859,75000
431891,280000
272323,390000
1008832,325000
852303,300000
794755,450000
535627,505000
612621,240000
797585,240000
294861,200000
919485,450000
328471,335000
319780,310000
190589,450000
31330,600000
945679,335000
743559,150000
795018,180000
1288243,360000
662316,180000
553393,180000
928178,240000
1044834,350000
47016,400000
1255815,150000
1293567,150000
449905,455000
1037712,240000
258837,350000
336787,385000
509967,440000
798860,380000
334430,420000
331226,360000
794736,320000
325423,355000
823924,180000
244806,490000
206788,300000
803778,2000000
1125281,120000
133803,240000
1244355,325000
1204764,100000
1187199,180000
1083692,250000
1045625,300000
662630,220000
768298,1500000
212018,275000
997622,500000
627921,510000
856638,185000
514622,490000
818479,300000
530225,410000
390024,225000
1297757,100000
336591,330000
1060355,300000
1288236,325000
837194,310000
593198,120000
817070,525000
1072592,230000
872267,300000
1183033,305000
894646,205000
140069,320000
207052,510000
1087164,205000
1077918,140000
633445,360000
227704,375000
224906,180000
844474,195000
430002,310000
965223,325000
813473,275000
78936,375000
280505,515000
276354,380000
327206,350000
1192794,265000
624680,325000
538185,380000
898205,340000
306449,280000
553697,410000
1202633,300000
319644,395000
212917,90000
313765,300000
128849,160000
425362,145000
1248085,150000
1048691,145000
990077,180000
231229,730000
1191730,105000
831967,305000
651925,325000
1107633,180000
942616,160000
639274,210000
1043845,275000
237243,150000
1119582,210000
975579,180000
1087364,325000
331155,360000
914037,180000
863619,160000
340788,485000
1037128,350000
1106216,325000
349796,370000
633241,350000
1086480,320000
960228,225000
297128,200000
649762,180000
36296,400000
273865,500000
895472,325000
514167,260000
806997,205000
283462,760000
257383,180000
906896,310000
644423,150000
216101,180000
1259848,195000
308164,370000
809634,240000
1154787,335000
1259589,110000
578364,150000
1060371,200000
683018,480000
385442,820000
1261625,210000
276909,135000
89357,225000
837643,360000
644973,95000
435389,240000
1193177,200000
311565,460000
982188,205000
555735,350000
924418,170000
415282,215000
515652,100000
929120,300000
1101244,100000
999212,300000
604409,500000
831674,235000
196447,370000
629498,350000
306079,120000
324269,145000
813205,325000
313455,360000
833130,180000
60315,110000
993363,300000
468092,120000
946893,150000
471444,180000
577489,310000
1067138,350000
855314,180000
626764,350000
1002611,325000
1083993,370000
629571,220000
536786,420000
82986,420000
843467,275000
1049856,355000
215666,400000
660770,200000
530470,275000
655183,450000
50240,550000
1279785,180000
628220,315000
1087646,220000
1284041,120000
1281646,110000
543906,240000
932788,300000
105673,700000
895770,300000
629733,300000
1009094,560000
668821,200000
784879,390000
353929,420000
1272180,310000
1098933,120000
827677,325000
416671,120000
338248,200000
601396,475000
324574,375000
1272431,200000
542590,260000
552673,380000
638264,180000
847671,200000
652580,325000
249696,180000
595058,500000
1243766,320000
625194,325000
982461,275000
1068625,180000
365948,445000
811372,325000
1140518,180000
985092,510000
609147,415000
325937,420000
1010140,330000
1268067,325000
1212036,185000
661080,290000
1248068,190000
1100767,300000
1211729,110000
307910,435000
577659,300000
801323,350000
653055,255000
1051982,210000
1249671,155000
423053,400000
371808,60000
543624,105000
690405,185000
53931,200000
810342,315000
102065,105000
275185,425000
841251,220000
982384,115000
800561,300000
359247,260000
842506,105000
513149,150000
439787,280000
1089390,300000
212167,150000
906332,135000
252464,200000
1010625,120000
895614,300000
238556,500000
639156,500000
336561,375000
796833,450000
1059642,150000
746122,400000
1061906,120000
212076,160000
432511,400000
651128,300000
974769,300000
1245234,200000
640103,220000
460251,310000
345800,400000
338130,325000
765370,345000
1212119,160000
258677,300000
417713,240000
1081371,305000
947847,300000
220634,500000
954272,350000
1045685,2000000
1094242,220000
250762,340000
512833,100000
946109,180000
687992,180000
536500,475000
1243402,245000
1082543,215000
230512,505000
509555,145000
729448,350000
1251526,150000
42232,420000
1104236,145000
1065846,400000
754959,340000
774207,115000
1218330,200000
288761,95000
791374,280000
1204743,300000
1037564,110000
1279815,320000
103165,300000
731258,95000
385232,180000
53264,300000
938182,180000
1006872,210000
795959,325000
1111630,120000
1218326,120000
612253,385000
453953,480000
294767,495000
823489,300000
1232793,300000
1266407,205000
1194740,100000
797192,300000
306404,275000
78868,425000
1037131,180000
660813,330000
765181,360000
1068919,250000
1061157,305000
786463,410000
794088,220000
637137,45000
1042309,335000
666151,325000
53292,95000
353442,565000
473825,660000
1269254,450000
576183,395000
893396,100000
445839,300000
668771,300000
796958,550000
203510,325000
389427,100000
667532,330000
308813,310000
602139,355000
1219113,340000
662137,70000
847661,440000
723781,400000
970295,345000
518336,400000
656427,120000
1122706,110000
676286,400000
11244,565000
465319,360000
1036813,305000
611859,275000
579375,500000
1202848,300000
594659,100000
654318,275000
818651,275000
1123174,290000
1163951,300000
994256,340000
353733,145000
1089599,250000
662991,215000
606364,180000
352449,350000
440338,550000
328107,295000
1076173,320000
1113571,105000
730091,80000
217052,470000
360581,155000
862240,180000
520096,180000
1152411,315000
1038848,300000
519248,360000
632267,80000
530178,180000
132776,335000
1232775,300000
261601,80000
1067148,300000
859919,180000
732766,300000
815109,200000
322685,325000
572458,370000
911998,350000
205705,500000
1200378,200000
755067,335000
313406,410000
795920,450000
265225,200000
1091356,120000
1218505,105000
898656,240000
1061658,120000
611740,300000
1262255,315000
338449,180000
669506,300000
632729,420000
211840,35000
638979,300000
536947,400000
1190941,320000
902947,270000
644845,350000
267864,200000
260866,2600000
244948,145000
862250,210000
597352,180000
1089287,300000
809524,405000
810588,100000
531765,200000
1270390,200000
988848,110000
962300,120000
1174291,1025000
1073243,240000
317745,400000
637094,180000
1195975,200000
198026,340000
895673,350000
1242048,105000
45527,480000
1218931,200000
1133192,200000
1171251,210000
786421,365000
262863,240000
1063434,175000
579905,500000
132996,570000
138253,680000
1062655,300000
520439,180000
947155,200000
533417,200000
217003,435000
1264540,240000
637345,190000
285145,300000
192625,360000
483538,275000
818646,230000
350819,200000
940402,300000
863466,350000
1203085,785000
353470,460000
264071,365000
1096809,200000
345074,150000
947943,300000
619658,460000
1089283,110000
1267237,240000
324950,305000
272869,350000
133165,240000
1081475,310000
872500,335000
261537,430000
661253,300000
1199257,100000
1034772,300000
600660,285000
982516,90000
245337,60000
1041140,200000
552539,340000
339440,45000
274306,870000
262479,495000
328681,440000
1119899,350000
921221,325000
633381,380000
108193,130000
1204604,300000
30706,1200000
921009,200000
353197,375000
1230190,300000
908846,60000
133458,150000
260283,150000
1093626,325000
473843,350000
558050,185000
1061698,315000
104065,185000
56695,650000
320764,375000
336128,400000
57430,180000
1272078,60000
1000998,100000
102965,460000
947534,310000
487704,144000
332142,230000
330355,500000
959435,180000
640729,300000
846760,90000
1259766,325000
583152,510000
964045,300000
829991,325000
333417,700000
226736,100000
133328,170000
1123050,100000
216031,130000
1149831,220000
611521,120000
416752,240000
1088268,240000
346321,410000
563011,140000
919445,325000
1030716,200000
1148365,105000
604484,180000
325701,115000
542127,215000
339763,120000
321231,250000
335390,440000
1061897,180000
1230280,315000
458867,320000
496538,265000
445828,240000
1066890,180000
613031,350000
325665,335000
1034607,300000
539169,495000
900799,320000
467264,180000
390136,110000
1081403,305000
533473,325000
109292,250000
41579,370000
746268,165000
1119013,200000
356190,230000
59555,400000
206705,500000
57211,480000
220946,810000
914981,200000
536085,360000
827594,325000
112075,320000
1133187,150000
552690,240000
335938,300000
225959,395000
609043,440000
1289702,180000
1095080,235000
901224,315000
306463,160000
959981,90000
1112003,120000
1138316,185000
1218624,345000
267683,360000
311098,120000
232101,400000
292803,200000
1296310,225000
955301,240000
30101,420000
1251281,225000
140121,90000
1262900,180000
652269,180000
161107,560000
553371,335000
869283,100000
327759,880000
1230478,200000
669596,45000
431800,200000
332049,150000
600302,200000
1097036,100000
1193753,300000
345838,225000
1063512,300000
576122,200000
223303,405000
692668,70000
644440,110000
1083136,300000
357389,350000
52581,180000
1063454,300000
869474,240000
576225,120000
910160,195000
905258,325000
278656,305000
662008,100000
453187,180000
238392,450000
138359,335000
1225896,120000
593082,335000
1279983,200000
330102,100000
597697,325000
655270,250000
988792,200000
127002,475000
337629,300000
1082552,200000
531480,365000
1099501,110000
1239524,180000
860597,395000
293843,110000
555964,180000
1224952,325000
328944,450000
669240,280000
283122,150000
284738,470000
445747,180000
323688,1200000
580044,145000
632106,180000
872029,180000
331779,160000
586115,145000
389449,420000
48647,600000
289737,300000
407686,400000
765578,145000
941984,180000
1274900,220000
451922,100000
602117,455000
1077269,380000
1218872,150000
313081,100000
425471,305000
330663,410000
660767,200000
78510,220000
869298,220000
124278,475000
580616,360000
1088714,120000
283274,600000
900218,420000
511778,325000
355922,315000
1119237,400000
309046,250000
991880,200000
1117475,200000
810433,400000
117082,385000
1267278,145000
100113,510000
658893,365000
669368,320000
1106147,350000
307328,120000
1274688,175000
810113,215000
905195,400000
1003364,180000
242799,100000
1218574,350000
1233060,145000
1085605,200000
144942,205000
340045,100000
1122860,300000
34551,1100000
636997,235000
1044637,275000
1088771,180000
878500,75000
479756,300000
1077690,275000
601071,300000
669934,200000
655292,180000
1027655,300000
624843,110000
1058932,400000
1259641,220000
256680,520000
1076044,360000
677102,170000
243794,475000
1123216,100000
436253,200000
1171988,320000
267894,190000
807306,150000
484152,400000
1269213,120000
1266709,195000
206734,675000
918889,180000
752115,300000
41012,370000
333439,290000
933812,310000
1158194,200000
359057,345000
214454,190000
192966,200000
642404,600000
416040,400000
1061749,110000
1013562,205000
215639,370000
534043,120000
244386,225000
1097167,400000
318391,425000
660954,265000
439125,450000
611020,240000
863437,325000
340205,300000
331251,355000
265303,110000
519873,150000
1043020,335000
1284437,200000
654308,300000
1081172,145000
591412,200000
948250,205000
346395,140000
1248570,225000
786671,180000
263961,300000
820222,130000
262768,215000
542295,180000
1233512,335000
676848,120000
425242,180000
60599,265000
602267,320000
836060,145000
347313,260000
640930,310000
958388,420000
479849,465000
1168885,180000
823838,315000
1231817,135000
872494,315000
644828,360000
1088625,275000
355786,120000
1118955,325000
580697,450000
190981,550000
325637,400000
845576,65000
582410,350000
820700,265000
1042334,65000
638324,180000
666182,325000
872171,325000
96708,400000
1004939,200000
1098807,190000
794381,325000
336785,365000
961030,180000
1274668,330000
33747,390000
1242062,240000
60401,360000
786404,350000
955389,215000
271766,600000
1194943,200000
1044171,190000
1087018,95000
592833,205000
815219,330000
852310,120000
493796,600000
619949,350000
509283,500000
676260,335000
58857,400000
1231982,180000
205703,430000
103858,300000
325432,320000
1139162,230000
1289692,250000
693698,120000
1251004,200000
312164,1200000
302031,270000
1039020,310000
639785,180000
1260265,300000
510199,770000
318959,360000
324440,210000
1238258,400000
1262574,60000
641531,330000
1242936,105000
50216,160000
416468,350000
1105982,350000
339689,200000
337594,400000
230702,700000
989810,180000
329900,360000
263713,180000
472956,220000
264334,460000
531726,310000
643081,300000
1010732,100000
1152563,310000
239868,510000
361994,330000
414039,345000
329829,240000
1266586,100000
467660,205000
525365,110000
232481,2500000
765483,220000
1098764,120000
644584,185000
830982,325000
407736,490000
1084321,525000
270455,430000
1098801,340000
455020,450000
661581,180000
1279987,435000
262814,145000
634935,180000
1063324,300000
335460,200000
525508,200000
284570,180000
985445,120000
354751,215000
708980,295000
823040,300000
800018,305000
990516,325000
50241,120000
1088588,300000
1229820,320000
1048553,320000
509310,345000
267150,150000
1218497,145000
33169,730000
806072,400000
619139,180000
1083259,325000
470584,420000
1122695,125000
816885,300000
385354,355000
1034780,95000
312286,395000
1203363,230000
217036,415000
1211760,215000
1088654,205000
246190,500000
283468,390000
1003178,180000
34472,375000
604848,200000
950824,300000
1066419,335000
796593,420000
505818,200000
600997,240000
815553,120000
64400,500000
1029318,310000
331674,120000
238452,290000
191027,350000
1211564,325000
387430,235000
1282459,325000
134963,1300000
343490,225000
955595,100000
52916,300000
665324,355000
358393,430000
1036442,240000
1096106,115000
332563,180000
322753,95000
240634,350000
247003,345000
1087768,315000
553645,350000
666201,325000
1122980,190000
214231,465000
806476,500000
730823,415000
1251710,140000
806424,350000
1218764,320000
655515,420000
1150621,145000
352906,150000
580718,420000
633578,180000
597773,400000
335720,440000
873020,240000
333596,405000
1120492,200000
913574,310000
794269,325000
274473,440000
529431,405000
1078264,240000
1208010,145000
983328,170000
553678,265000
542410,440000
1097251,325000
317779,355000
797600,600000
328451,430000
215931,380000
278898,320000
784141,140000
407688,320000
47916,280000
807302,120000
941955,300000
1179971,120000
455357,250000
439077,310000
1063131,100000
1035883,280000
795013,105000
917544,220000
473226,200000
342743,610000
1044443,240000
225973,400000
193023,725000
337656,500000
465556,100000
1264789,320000
918568,775000
831973,305000
614413,120000
1095193,120000
1046268,240000
1095943,100000
1044954,170000
872042,200000
373206,150000
670620,310000
1123185,100000
611458,350000
520456,100000
336560,450000
814788,360000
927464,325000
211934,50000
944290,200000
467560,235000
1202802,100000
616935,130000
35408,430000
984550,320000
1171253,220000
1207660,120000
663786,385000
615835,220000
1044367,300000
711342,120000
321090,520000
295129,300000
1088210,180000
123370,280000
1091127,150000
329579,100000
644569,280000
859668,330000
652414,180000
512748,520000
1169464,300000
327337,415000
421614,215000
676634,310000
833462,240000
576127,195000
298308,430000
247966,400000
326978,450000
669535,105000
902378,275000
308991,250000
330310,280000
333767,425000
1190029,300000
510158,335000
611624,300000
256138,500000
806544,280000
391149,335000
1161576,200000
1188011,305000
806990,480000
216527,120000
872338,305000
815859,330000
962293,100000
1122867,305000
940518,225000
924753,325000
78978,555000
640779,210000
341946,450000
796733,315000
705093,325000
391977,225000
1092890,310000
631799,200000
391116,350000
656053,305000
642997,110000
49508,415000
868791,325000
432156,290000
471396,245000
640581,360000
466888,325000
796891,300000
541286,415000
670672,280000
856700,200000
962937,325000
1119098,180000
204287,480000
955427,180000
1208205,165000
1194293,120000
932813,325000
222887,360000
357365,265000
1203568,300000
929961,240000
278972,300000
814673,200000
389358,180000
728009,405000
1152098,170000
625434,565000
298284,540000
910069,420000
192591,500000
619651,180000
1194679,145000
896584,100000
295355,110000
827775,325000
358631,375000
108231,1200000
342176,515000
791334,60000
963688,150000
615766,450000
141813,175000
1292126,150000
121686,415000
602377,270000
1026255,325000
1066385,240000
124198,100000
239943,475000
48796,680000
1241846,175000
1037121,325000
225191,150000
1124992,140000
557677,315000
1231828,335000
340244,150000
1173129,240000
36759,250000
330576,180000
1089852,100000
913913,245000
342188,420000
285799,325000
993561,220000
345243,500000
29161,140000
354675,300000
354739,105000
633535,265000
803471,225000
640755,70000
345175,2000000
60279,200000
1001419,450000
1251123,95000
119221,400000
1233727,300000
337533,450000
1026244,325000
533466,240000
1052809,120000
280764,145000
812583,290000
1270682,205000
641222,300000
781274,280000
352532,250000
423068,195000
1080089,200000
503183,360000
624771,240000
1203329,125000
320706,405000
78587,255000
1133196,150000
1093783,100000
922200,250000
478702,240000
243493,300000
682615,300000
242775,240000
677204,390000
552482,705000
126780,620000
338352,345000
1211611,330000
579845,240000
1068768,400000
801764,335000
902971,325000
342865,120000
580660,925000
466809,280000
374573,500000
328915,620000
203388,320000
285838,400000
103861,505000
331256,500000
125529,455000
955377,330000
1204936,325000
469011,405000
345100,200000
998833,120000
601301,100000
228081,440000
359928,200000
1077946,140000
336546,415000
580712,400000
945560,300000
796197,800000
1017485,200000
801492,240000
653872,180000
1098869,300000
47709,325000
655090,210000
1256044,180000
457958,210000
863448,120000
579952,410000
29042,470000
415949,180000
995141,180000
629345,335000
360022,110000
35248,480000
289381,290000
287020,445000
1191908,200000
818107,105000
404143,205000
220601,180000
656739,325000
295290,145000
1058572,300000
277278,300000
1204500,320000
309190,180000
480729,120000
1088773,240000
94788,300000
1092951,225000
469012,360000
553357,420000
365974,400000
1101727,300000
299447,360000
1290085,275000
865959,315000
796151,820000
1123015,300000
308499,85000
1053599,125000
332961,430000
21229,500000
736897,325000
601296,145000
765378,410000
781929,300000
450428,165000
954255,330000
1085603,180000
525682,360000
87291,600000
355018,285000
337783,375000
54579,195000
1060744,340000
796296,600000
770194,545000
1284328,245000
231172,270000
423045,410000
1250337,325000
282152,320000
416007,240000
103323,410000
83285,390000
259974,120000
1271730,200000
793156,325000
1160472,350000
869050,505000
341591,585000
1290145,320000
126316,180000
605047,180000
529858,350000
30739,310000
274014,620000
341274,400000
552751,590000
279001,175000
374962,430000
1086345,300000
355903,250000
331680,200000
82310,500000
864107,145000
1008489,240000
281940,660000
325412,3500000
299705,130000
999306,120000
1262831,120000
359038,400000
1088562,325000
1087625,325000
511865,180000
280793,720000
823293,450000
1269126,150000
1230312,155000
220655,400000
344605,460000
63284,530000
1136095,325000
1110880,105000
741398,240000
333793,425000
57277,535000
980895,350000
78383,180000
1081640,100000
337563,360000
817754,250000
325611,220000
1101763,85000
296696,325000
1125683,175000
229397,200000
922684,305000
823407,400000
601624,225000
206565,300000
543741,460000
926517,300000
652516,340000
1232895,300000
1218133,300000
1131849,300000
87067,215000
1207352,400000
681036,180000
245281,470000
1202631,300000
615396,225000
295835,505000
918301,450000
327371,390000
1202774,105000
109066,150000
1271694,120000
512588,330000
360687,320000
1087681,100000
144943,120000
1097197,325000
182985,400000
246543,440000
1196014,180000
649530,350000
964319,195000
1116466,180000
313446,325000
220608,300000
682431,350000
337695,380000
539818,420000
513495,225000
1250436,235000
810355,145000
1001099,240000
1089624,240000
265914,325000
228046,180000
681000,90000
519904,630000
385512,145000
937953,350000
425582,430000
42418,435000
302937,150000
628223,150000
602058,300000
1247289,275000
857517,300000
529904,100000
115378,500000
1262957,190000
898548,350000
1253323,65000
1240207,300000
326876,475000
216972,300000
324799,355000
422043,60000
1239552,300000
50670,160000
308916,320000
1250484,105000
294762,500000
1062520,325000
391074,445000
629605,210000
330490,165000
1136067,300000
1131595,300000
237897,200000
1214471,300000
978959,240000
898780,340000
1100909,325000
196470,440000
865540,305000
245986,150000
999665,420000
1150694,240000
362984,450000
1084888,350000
389140,325000
263725,500000
452593,465000
958809,350000
318119,515000
32133,150000
538439,390000
1066414,260000
50739,260000
864014,310000
925705,105000
344407,800000
241960,440000
716400,625000
440689,450000
1168773,275000
304341,315000
760851,375000
577394,325000
604370,300000
341424,400000
1077612,155000
1085716,300000
1072574,145000
276426,350000
607470,400000
950502,150000
1087060,200000
937958,325000
252559,225000
582303,350000
48150,495000
868872,200000
963956,390000
351149,325000
192714,650000
810458,300000
731107,300000
1094255,320000
951294,220000
1250499,185000
1265323,240000
1269127,200000
272917,80000
330602,415000
920334,160000
1175212,120000
896469,475000
274453,175000
64871,455000
1119944,225000
279776,310000
361583,800000
339386,280000
334017,460000
1187201,315000
503221,350000
1266967,200000
901358,370000
806688,200000
1171245,200000
683102,325000
543951,160000
988904,235000
593024,340000
325147,335000
407824,305000
1055284,120000
1247771,120000
941785,180000
353742,370000
995191,190000
283113,305000
602344,450000
1083507,345000
331083,335000
1034763,480000
608938,600000
919264,325000
663821,180000
600127,325000
1232472,220000
775846,375000
451903,300000
810702,180000
730050,220000
1026621,300000
1261955,225000
244558,650000
814679,120000
641821,180000
356498,445000
309214,420000
1175511,280000
1007916,220000
619660,300000
329618,370000
267047,150000
1240138,300000
215739,390000
817804,145000
662113,180000
678842,240000
333860,180000
1149330,120000
1248250,185000
51094,400000
693533,315000
1219098,265000
906387,120000
342610,475000
536761,360000
649731,420000
843047,200000
133153,555000
135273,615000
263859,450000
329604,320000
1068402,350000
212055,550000
225114,360000
1149223,200000
543844,120000
641272,335000
1261826,130000
692945,320000
321139,400000
86373,150000
785663,220000
637623,180000
1220653,310000
1263022,325000
864091,360000
543099,325000
1084536,425000
688018,180000
1274658,320000
530678,180000
591405,605000
636523,410000
389343,430000
995189,145000
836769,180000
505714,240000
359173,800000
259623,175000
713848,360000
65919,470000
16400,650000
995970,325000
530061,300000
190224,330000
514471,200000
986780,210000
1269397,240000
670423,170000
794050,350000
982135,600000
631506,350000
1075216,300000
790690,275000
243897,400000
1083403,315000
50601,300000
1091250,200000
626318,180000
189286,400000
536516,210000
963241,380000
143999,200000
1171292,330000
65278,180000
1089038,345000
1043795,350000
33117,475000
850679,335000
823556,260000
963058,335000
350462,100000
1106129,230000
115351,340000
359281,180000
350149,420000
625891,150000
202864,480000
332860,380000
121233,150000
1209279,310000
1152368,180000
140797,260000
455057,240000
628331,200000
1042343,120000
64792,530000
909180,350000
359490,120000
1062284,120000
341436,430000
1042501,85000
902366,325000
319385,400000
1238752,180000
643096,325000
325868,210000
637115,315000
1154783,200000
682129,200000
615313,305000
919397,350000
434621,95000
226017,305000
1081685,325000
1166135,305000
35275,200000
1043850,350000
38032,850000
324343,280000
407934,440000
624733,300000
607667,275000
304344,85000
82270,395000
615310,290000
1166852,325000
1156362,210000
711754,390000
347445,180000
329920,1300000
1068813,250000
624266,120000
345685,200000
530518,150000
877241,345000
435229,320000
1089260,450000
242972,340000
606946,350000
64897,400000
625377,390000
326334,325000
813008,180000
924485,145000
463002,120000
203097,420000
479885,130000
609211,700000
731810,310000
1149902,145000
1101730,370000
698109,360000
595845,340000
230211,120000
687289,300000
192948,500000
1023622,305000
271036,530000
820734,240000
449899,150000
121509,520000
1115290,110000
651807,600000
619423,40000
1081706,570000
990494,220000
274016,290000
1242036,320000
1023314,180000
988732,95000
1045712,95000
642720,240000
30142,320000
211252,495000
353081,355000
827501,300000
1193792,200000
794209,400000
1201536,360000
664758,300000
358114,450000
1098954,105000
530601,290000
229508,280000
921123,325000
1095283,335000
811379,325000
624224,300000
1289956,210000
282180,500000
919418,180000
742427,300000
514215,335000
632512,240000
224757,400000
1251221,210000
47476,205000
123610,200000
317627,180000
63890,610000
644505,200000
350244,400000
113192,620000
1240608,405000
963123,335000
1131892,95000
745677,205000
182616,275000
298494,280000
614047,115000
753317,335000
65707,630000
837421,305000
1035858,490000
1265819,240000
829759,215000
913446,370000
1149020,300000
898265,350000
640413,180000
435465,200000
959934,145000
105067,120000
1148338,325000
434862,360000
258714,180000
315763,550000
267786,500000
513309,415000
911962,400000
416501,360000
924141,200000
1202817,275000
145701,900000
305068,120000
1223805,205000
905220,315000
1008888,120000
806636,240000
213053,350000
112994,470000
285832,420000
1029602,345000
78381,530000
1015635,320000
1289938,345000
637467,360000
359807,240000
982693,240000
229944,520000
1152429,340000
216686,410000
555599,550000
60260,450000
1015299,200000
1063224,105000
309911,100000
1202783,275000
595052,205000
670536,360000
204592,450000
716346,500000
246938,640000
847006,95000
348134,410000
745903,300000
577498,295000
668714,220000
283452,445000
340172,180000
633333,165000
520055,350000
600992,240000
326089,395000
345996,400000
896540,400000
279695,400000
439791,350000
1095056,140000
604995,300000
114636,560000
676000,335000
340877,470000
662921,325000
295111,265000
595896,120000
290605,180000
614179,180000
656354,365000
52752,650000
941795,120000
99750,120000
223212,650000
802861,180000
425532,300000
335000,300000
815820,580000
242100,35000
919708,340000
60259,220000
336342,380000
240420,690000
902841,430000
543804,930000
114346,120000
957046,340000
1073062,145000
640916,500000
652780,220000
1122862,300000
631489,120000
324782,350000
824943,180000
654100,95000
238326,645000
868740,240000
956695,300000
30388,280000
331122,560000
245887,120000
955678,145000
327257,655000
336937,100000
343471,350000
927772,300000
822977,180000
872404,180000
480210,425000
225140,320000
328621,430000
794191,240000
660938,100000
1161589,420000
911856,315000
1274522,325000
192918,645000
971540,105000
360290,400000
604570,180000
308247,300000
224873,450000
1202809,200000
812597,910000
530441,360000
326612,160000
1154140,100000
1261348,250000
604529,450000
1039663,300000
530381,370000
836781,310000
995603,240000
1152409,180000
329402,265000
599393,350000
967009,280000
284534,210000
296790,230000
604361,350000
1259599,100000
262440,460000
295554,450000
644914,250000
1245332,160000
792999,180000
308245,350000
230785,250000
914135,310000
1072371,240000
822635,200000
625984,210000
536517,350000
344387,300000
1218578,145000
257095,110000
758478,300000
34238,570000
505974,300000
374948,205000
1297773,325000
121780,75000
355888,320000
189790,395000
629628,305000
1230413,220000
895667,655000
212005,270000
1264544,120000
864904,215000
439109,400000
1219117,335000
299309,160000
262821,150000
713751,100000
914228,145000
337754,385000
1035826,75000
1053501,400000
852633,330000
58940,450000
45579,550000
563023,480000
614839,220000
1128347,335000
980748,325000
1142382,215000
281946,150000
404256,115000
308793,360000
107796,1200000
1084021,300000
333394,415000
820418,400000
50626,180000
676743,400000
839602,525000
1035913,110000
389425,380000
507132,170000
640533,400000
955684,200000
624804,345000
337764,220000
64118,200000
294700,525000
785378,170000
991636,180000
1233201,85000
960922,150000
287134,400000
279508,325000
533540,360000
1064536,330000
1279942,300000
246986,550000
334275,420000
297452,60000
340628,300000
635283,180000
334988,325000
947956,180000
1251363,340000
337919,360000
563037,110000
639820,200000
529581,210000
117081,450000
1136423,400000
1088670,265000
273690,515000
40838,1300000
798620,400000
520399,450000
348114,335000
920246,125000
78728,240000
289190,340000
58365,555000
99935,300000
1281191,105000
912934,400000
434552,300000
605881,240000
827485,350000
374150,800000
626784,335000
1089343,360000
1100533,400000
650400,320000
552307,450000
1143383,120000
335166,195000
218077,200000
800117,105000
262345,375000
1087727,610000
1237891,250000
668682,155000
349723,320000
983779,240000
955152,240000
908925,300000
975278,120000
741590,335000
1088407,120000
78777,750000
354749,140000
577525,180000
681928,290000
682507,320000
1104895,100000
350952,300000
687711,300000
282011,550000
785143,300000
332141,180000
133085,445000
811167,270000
507959,240000
1297763,105000
192703,530000
214343,350000
624732,200000
925234,400000
1073144,335000
228148,105000
597142,340000
361671,530000
242078,480000
729568,470000
1270516,100000
938137,675000
1218778,180000
1258521,225000
144911,530000
61461,130000
794528,200000
278780,350000
1069119,120000
186085,105000
1146950,325000
633303,160000
806655,180000
872168,330000
637114,210000
1077214,240000
230778,325000
29054,375000
839881,95000
1152870,100000
307997,145000
227582,540000
284439,265000
309289,385000
423047,350000
629725,100000
1224787,700000
1090820,240000
1245184,215000
606094,440000
986293,200000
918414,200000
1253312,120000
472861,265000
115560,570000
1052796,100000
914034,480000
471545,720000
796713,380000
922488,200000
326795,455000
841631,350000
1061300,140000
358346,460000
823529,315000
820353,300000
862259,95000
982556,350000
924712,240000
820774,180000
898195,300000
1043815,800000
541114,140000
965697,300000
716325,100000
473243,300000
1274483,180000
281074,2300000
1232025,120000
333594,590000
120918,110000
1264748,205000
1254777,1800000
196429,540000
421634,360000
206733,240000
300968,450000
852880,310000
961003,150000
848578,240000
328807,600000
1063305,240000
1262570,145000
742534,300000
319678,550000
1138769,110000
626510,330000
1077044,505000
458020,335000
203412,395000
587593,300000
536526,150000
1192843,330000
814610,180000
243279,300000
1124993,200000
693630,105000
535193,360000
308225,460000
1088362,100000
1063873,150000
544522,370000
351836,180000
1255797,320000
899699,300000
425551,360000
824917,105000
334312,490000
614115,350000
1274331,180000
456580,150000
1058832,100000
859453,335000
342044,420000
1207950,235000
455934,60000
1020633,610000
120511,115000
48107,4000000
1218477,180000
358100,350000
664337,250000
614210,225000
1018051,145000
1136448,265000
809429,205000
1236393,120000
1029538,340000
959436,105000
215845,280000
434561,100000
801301,200000
825043,305000
421679,120000
240990,505000
820457,300000
1094002,325000
1250429,1500000
325730,820000
861982,305000
922592,180000
1218606,120000
197194,240000
1063486,95000
831042,300000
466661,200000
334001,415000
1068237,110000
639536,210000
872434,120000
220642,700000
879126,350000
1075753,300000
339705,240000
1106060,310000
320536,490000
1031152,330000
230113,650000
53132,755000
243949,600000
281195,250000
1122979,335000
861954,350000
455164,200000
845625,150000
51397,680000
552939,200000
922603,320000
1229814,315000
988541,275000
271119,470000
800223,330000
1281760,250000
656694,400000
1117619,120000
781902,130000
861979,240000
325403,100000
240137,650000
1019771,240000
955531,300000
1203490,95000
344262,240000
619705,800000
885459,145000
327983,420000
123182,160000
230511,240000
1281171,300000
104314,530000
722916,405000
1098819,90000
653103,200000
807970,350000
1094324,340000
542424,215000
1031075,280000
112780,240000
1089264,325000
1000456,320000
691865,240000
995969,180000
1122901,245000
1037159,335000
272353,400000
270814,240000
1006997,300000
676764,170000
568835,180000
78723,425000
660772,480000
1142387,180000
440759,140000
1218863,150000
358189,345000
1193152,300000
202935,440000
656288,180000
640015,190000
306802,240000
514731,445000
143926,500000
244793,410000
786668,215000
831367,600000
1204990,350000
872116,300000
457145,180000
449397,120000
360148,390000
1172229,175000
326565,305000
795799,405000
669977,350000
1078108,325000
467504,340000
641305,325000
454538,240000
767258,200000
1111619,265000
1297877,220000
1117138,335000
938300,325000
305011,240000
676834,380000
322724,415000
46302,350000
246607,480000
333041,560000
833102,165000
102923,350000
390177,500000
228051,605000
542967,320000
1156529,100000
295545,180000
1034791,315000
215848,490000
814093,340000
1098816,145000
691206,310000
50876,640000
1171381,240000
845544,300000
1078034,320000
1247339,140000
541137,400000
361702,480000
874596,250000
1171210,260000
82444,200000
1120667,220000
576054,130000
127017,380000
640774,55000
273602,450000
1175525,240000
1255801,315000
636944,260000
450922,200000
927414,120000
543139,110000
640827,300000
435437,410000
431706,150000
823790,300000
59505,320000
421568,235000
45421,415000
455432,270000
308810,280000
922658,220000
109360,520000
206571,200000
624172,85000
332694,250000
866912,325000
552848,120000
1187474,120000
203454,500000
407653,425000
1230310,240000
637628,105000
373290,240000
1154840,350000
355170,300000
830138,315000
333337,240000
1085682,80000
1083037,310000
1129543,155000
1198958,400000
110817,200000
958998,100000
640459,600000
47805,505000
342936,95000
262989,180000
755088,265000
1095963,300000
637441,350000
1227702,220000
845819,310000
89702,525000
1093749,150000
133773,405000
1064862,175000
116358,490000
63106,460000
599652,330000
271904,1100000
998012,190000
937947,325000
1097187,300000
849071,325000
35694,180000
1066913,120000
796601,275000
578157,40000
335201,410000
1087183,100000
1204221,350000
920413,50000
707108,485000
1187208,240000
1127268,300000
1019761,330000
327856,100000
247078,275000
51320,545000
530592,120000
599552,175000
662142,120000
1294572,200000
423209,180000
407740,395000
618308,600000
920388,400000
670628,340000
335328,200000
35122,180000
1157393,145000
1258895,205000
629285,410000
914336,150000
322522,160000
337194,495000
1129408,250000
242701,600000
238088,360000
754972,225000
1044900,450000
661111,150000
1233151,150000
328163,205000
670213,180000
746050,300000
310559,560000
237941,655000
958966,190000
277307,215000
627124,500000
611920,95000
335789,325000
482761,50000
46291,560000
696034,230000
366097,415000
752781,100000
1242190,215000
1092984,180000
605021,375000
623192,380000
1044603,180000
575845,95000
310092,120000
796708,325000
215595,240000
1190687,110000
328236,390000
794947,450000
190911,700000
226847,360000
243425,330000
1266498,210000
719970,300000
220779,435000
1092991,315000
109571,50000
248992,180000
965196,305000
349752,550000
425547,300000
52947,220000
622495,325000
990568,320000
1075225,345000
465339,115000
1057665,180000
457244,360000
358850,310000
451825,435000
895695,325000
663169,320000
1288222,205000
730857,325000
273719,600000
669585,345000
1193139,325000
336003,255000
577325,100000
1096110,185000
196379,300000
455593,190000
435338,120000
883188,200000
955394,180000
295383,170000
17126,370000
361646,155000
947111,200000
351307,550000
507994,195000
493734,400000
1225876,200000
517535,530000
947697,325000
1251095,150000
538390,375000
794194,225000
274695,120000
1266399,240000
1089302,375000
597966,180000
692823,520000
362798,365000
356259,130000
1077591,240000
313158,520000
42876,120000
1230582,110000
596083,450000
619652,325000
513384,420000
1248140,95000
308775,360000
1081710,320000
337784,300000
850062,325000
529692,240000
350055,420000
895882,115000
390591,180000
716336,400000
1247341,360000
352852,300000
338428,390000
637306,145000
1160213,320000
405740,480000
1233826,330000
1206204,325000
123487,630000
927386,120000
1218810,205000
536794,450000
724092,350000
991139,320000
259792,120000
1034769,290000
337880,315000
295307,135000
757456,330000
133428,360000
1089747,315000
1267511,105000
338410,200000
927081,250000
302743,410000
277189,340000
872382,325000
831825,315000
435062,255000
898295,180000
1063638,360000
592952,250000
989860,250000
644037,300000
1279886,170000
814349,120000
715228,405000
722915,400000
1274508,280000
349849,240000
1281863,300000
707121,345000
1007216,300000
514541,200000
805128,305000
182636,180000
549816,330000
1262846,325000
984667,60000
113081,445000
556005,300000
897769,400000
806067,125000
897369,400000
841260,330000
708034,260000
918908,240000
1088577,145000
509882,450000
489860,120000
1066112,180000
1088451,250000
901346,335000
214964,315000
552531,420000
333406,600000
639696,275000
262077,80000
63123,360000
416769,325000
1073190,215000
297430,445000
1133460,95000
302687,445000
226015,430000
345597,105000
1203348,340000
822575,210000
113467,200000
618785,335000
1259889,325000
407197,310000
982400,240000
514279,180000
632746,180000
322718,110000
347449,95000
611076,325000
1123186,120000
1120742,505000
616056,180000
1171244,100000
279824,1000000
896880,450000
682141,145000
552431,460000
760965,250000
509245,200000
301629,370000
917487,200000
462964,325000
133282,160000
197796,150000
1297805,210000
407711,450000
920335,145000
1015209,300000
962526,700000
1020520,230000
248343,280000
959820,180000
108902,85000
820537,700000
341806,140000
113676,550000
633797,365000
602875,300000
1077212,170000
229854,435000
341146,350000
1091302,120000
592393,200000
627087,500000
116996,125000
1011018,315000
871997,335000
335701,430000
661546,280000
1088782,250000
1189128,170000
605611,550000
942576,150000
267699,430000
810396,195000
909112,190000
1242353,250000
794238,200000
54007,130000
670276,430000
1026489,200000
211700,225000
1094706,450000
893654,310000
330381,360000
1239599,155000
815061,340000
640383,215000
661505,100000
795771,310000
289612,480000
702599,180000
1231953,450000
1231990,205000
421635,120000
639065,280000
1063437,200000
636483,105000
286955,350000
190393,450000
358095,470000
283267,440000
592817,355000
192733,420000
999631,300000
1048543,300000
179878,105000
36817,100000
1272092,35000
575114,380000
258861,250000
283980,250000
454999,110000
457565,500000
1123118,100000
265924,460000
335489,385000
318523,400000
344950,600000
599306,200000
1171203,325000
505912,180000
1145718,100000
98335,480000
561757,120000
1208099,300000
357969,405000
676401,105000
1190122,110000
358878,405000
737374,240000
895817,325000
604821,280000
1089265,180000
793173,120000
1289825,180000
587792,310000
872027,330000
330647,430000
489939,285000
123403,90000
628271,210000
1063875,325000
1094320,200000
127290,555000
965642,350000
553781,310000
1099490,140000
1077909,300000
1093269,400000
43693,205000
455759,535000
339334,100000
823357,275000
416714,300000
1099457,570000
1248141,320000
358203,120000
563437,180000
721591,215000
773975,460000
103947,325000
266342,320000
922508,80000
864186,515000
518448,280000
959445,185000
295347,400000
1068920,180000
989173,100000
811377,320000
643141,95000
337687,350000
246764,100000
1087484,110000
504451,85000
677954,200000
683476,180000
120132,530000
618289,395000
382747,415000
216420,315000
1002565,225000
272464,180000
596494,120000
244735,325000
464125,215000
345959,305000
1135605,165000
1118166,100000
539201,300000
675621,350000
600608,490000
1036025,315000
1019681,200000
781935,70000
1072479,210000
600984,350000
112449,715000
1168914,250000
458082,70000
1194487,325000
619152,300000
385547,820000
582336,335000
285843,380000
53982,350000
1006613,335000
1089133,320000
1136149,305000
895719,310000
1240232,185000
311404,180000
339381,165000
1251571,180000
1211556,120000
240133,110000
1272172,225000
1258784,200000
250399,90000
755080,340000
843779,335000
525246,500000
339216,360000
326418,180000
445830,300000
325356,505000
46343,510000
1233637,280000
984958,285000
509241,400000
324190,100000
606571,500000
416268,370000
611970,420000
1082762,325000
960079,200000
358389,140000
662149,60000
842595,300000
333737,210000
606741,240000
530430,300000
296724,400000
189234,520000
1231995,200000
425399,240000
658836,550000
230873,630000
812555,150000
334330,420000
690477,250000
1238289,350000
598081,560000
41147,4000000
330551,145000
530146,360000
65096,345000
961017,120000
639693,360000
320969,500000
898730,320000
1157697,180000
987044,440000
602029,150000
1114870,120000
454775,390000
1119976,180000
642309,600000
82915,380000
947006,380000
353118,415000
229518,425000
260350,200000
215660,105000
270797,470000
580624,375000
250796,575000
339451,420000
1069569,300000
320298,500000
35346,445000
114364,400000
103174,120000
352811,120000
287070,385000
317336,530000
993701,200000