id,salary
1066913,120000
1258784,200000
627921,510000
64792,530000
64400,500000
337695,380000
843467,275000
558050,185000
215931,380000
458867,320000
611521,120000
272464,180000
1251281,225000
457958,210000
334330,420000
1098801,340000
1206204,325000
1203490,95000
1256044,180000
331674,120000
407934,440000
1063486,95000
912934,400000
243897,400000
553697,410000
995970,325000
644914,250000
63890,610000
229854,435000
1060355,300000
105673,700000
318523,400000
277189,340000
841631,350000
1154787,335000
1236393,120000
308499,85000
463002,120000
342610,475000
329402,265000
668682,155000
259792,120000
279824,1000000
693630,105000
1082543,215000
256138,500000
794209,400000
924541,210000
611076,325000
948250,205000
1064536,330000
1099490,140000
295355,110000
1149330,120000
914135,310000
631489,120000
577525,180000
1023622,305000
1120742,505000
901346,335000
924753,325000
30739,310000
133282,160000
30142,320000
958809,350000
640581,360000
1218863,150000
320764,375000
262479,495000
955389,215000
815553,120000
611624,300000
642404,600000
1044171,190000
656053,305000
552431,460000
941955,300000
1269213,120000
764522,120000
642720,240000
103323,410000
473825,660000
530147,205000
639274,210000
320536,490000
947943,300000
823556,260000
553371,335000
1253312,120000
1066112,180000
1254777,1800000
197194,240000
1262846,325000
692823,520000
658836,550000
911962,400000
729568,470000
1231982,180000
1063434,175000
1193753,300000
325937,420000
340877,470000
1077214,240000
806424,350000
333596,405000
325868,210000
211840,35000
108902,85000
933812,310000
622495,325000
1039663,300000
214454,190000
663821,180000
610635,200000
330102,100000
530178,180000
955678,145000
856700,200000
536526,150000
244735,325000
271766,600000
757456,330000
982400,240000
306449,280000
1072574,145000
656354,365000
662316,180000
355322,240000
479885,130000
261601,80000
1187199,180000
820353,300000
796958,550000
336342,380000
812597,910000
436253,200000
552673,380000
350055,420000
509555,145000
963123,335000
896584,100000
1119582,210000
203388,320000
345800,400000
988904,235000
317779,355000
683102,325000
576054,130000
229508,280000
352852,300000
1218477,180000
259623,175000
619949,350000
60401,360000
325701,115000
529581,210000
795013,105000
579952,410000
670628,340000
115378,500000
868872,200000
1063512,300000
343541,250000
1085603,180000
1274508,280000
841251,220000
334275,420000
416468,350000
313406,410000
918301,450000
682615,300000
896469,475000
730091,80000
1045712,95000
753317,335000
675621,350000
206571,200000
629733,300000
598081,560000
577325,100000
660938,100000
869050,505000
374573,500000
102065,105000
430002,310000
328681,440000
54579,195000
898295,180000
1098816,145000
50739,260000
335489,385000
814673,200000
267354,120000
294762,500000
811379,325000
755080,340000
1034769,290000
472861,265000
940402,300000
302687,445000
985092,510000
1267278,145000
653103,200000
1123015,300000
322685,325000
999212,300000
36296,400000
262989,180000
1136067,300000
731810,310000
636483,105000
1004939,200000
217003,435000
193023,725000
352449,350000
128849,160000
1082552,200000
272323,390000
1087183,100000
911856,315000
768298,1500000
633241,350000
1044443,240000
1175525,240000
322753,95000
611740,300000
216101,180000
356498,445000
813205,325000
895667,655000
861954,350000
243279,300000
309046,250000
1062520,325000
140121,90000
104065,185000
125654,380000
212917,90000
595896,120000
1095080,235000
664758,300000
1118955,325000
40838,1300000
126316,180000
606364,180000
440759,140000
654318,275000
974769,300000
525508,200000
722915,400000
1119944,225000
1289702,180000
640037,200000
1083403,315000
662137,70000
480729,120000
133428,360000
637137,45000
817070,525000
329900,360000
669692,600000
339381,165000
687992,180000
272869,350000
53838,100000
1194740,100000
238452,290000
1104236,145000
49508,415000
313455,360000
328915,620000
1208010,145000
1037159,335000
1218931,200000
439125,450000
765483,220000
1084321,525000
203454,500000
274473,440000
1087646,220000
42418,435000
806544,280000
1068625,180000
514731,445000
214343,350000
350462,100000
1044367,300000
530592,120000
238392,450000
722916,405000
995141,180000
1034772,300000
636523,410000
96613,370000
929961,240000
353470,460000
829759,215000
796713,380000
449397,120000
833277,200000
1190691,360000
1218133,300000
975579,180000
243949,600000
1219078,325000
1036442,240000
196470,440000
643081,300000
656288,180000
1238289,350000
716400,625000
467264,180000
1088773,240000
359173,800000
864091,360000
267683,360000
529858,350000
324190,100000
110817,200000
741590,335000
872494,315000
331251,355000
836769,180000
493734,400000
65919,470000
333439,290000
355170,300000
431800,200000
1251678,100000
624266,120000
1112003,120000
1232895,300000
1099501,110000
640930,310000
138253,680000
102965,460000
825043,305000
312286,395000
338449,180000
52752,650000
796296,600000
353742,370000
54007,130000
606094,440000
276909,135000
1218578,145000
814349,120000
696034,230000
356259,130000
340205,300000
416671,120000
945560,300000
960079,200000
225959,395000
1209279,310000
338248,200000
925234,400000
947006,380000
1289938,345000
257383,180000
449417,240000
45527,480000
337563,360000
811394,325000
982516,90000
355018,285000
358878,405000
224757,400000
662113,180000
1088206,335000
920550,160000
1202802,100000
1044954,170000
315763,550000
1069119,120000
640827,300000
1043815,800000
277307,215000
1129543,155000
644037,300000
631799,200000
103174,120000
698109,360000
125529,455000
423209,180000
1089260,450000
665324,355000
552939,200000
1003178,180000
651128,300000
478702,240000
246938,640000
258861,250000
845819,310000
1233727,300000
1157697,180000
35248,480000
902378,275000
1128347,335000
457145,180000
910069,420000
216686,410000
407824,305000
439109,400000
801301,200000
350819,200000
800561,300000
676260,335000
1036025,315000
1242113,240000
334017,460000
575845,95000
711342,120000
43693,205000
273602,450000
421568,235000
1290085,275000
230785,250000
1038837,60000
105067,120000
124198,100000
644505,200000
746050,300000
350244,400000
453953,480000
1284041,120000
260350,200000
827501,300000
1242936,105000
405740,480000
353197,375000
676834,380000
65707,630000
1208205,165000
754972,225000
271549,330000
1293567,150000
810018,180000
796601,275000
215595,240000
326418,180000
530441,360000
1122867,305000
1238258,400000
625377,390000
1037131,180000
288761,95000
676000,335000
1081371,305000
1171251,210000
206734,675000
391149,335000
682129,200000
998833,120000
987044,440000
814788,360000
941795,120000
78381,530000
1263022,325000
755088,265000
1034791,315000
633303,160000
279508,325000
240133,110000
1251710,140000
1037121,325000
794191,240000
637114,210000
1087768,315000
1219113,340000
920413,50000
1066680,325000
389449,420000
334430,420000
354675,300000
449899,150000
237941,655000
373206,150000
277278,300000
305011,240000
50876,640000
1122862,300000
1274522,325000
539818,420000
915600,215000
228148,105000
35122,180000
189121,450000
1218505,105000
1284293,150000
333737,210000
765578,145000
608938,600000
961030,180000
391977,225000
328471,335000
283164,715000
576225,120000
329579,100000
906896,310000
660770,200000
344262,240000
531480,365000
455593,190000
127290,555000
666151,325000
347445,180000
820700,265000
530601,290000
358389,140000
454999,110000
1078264,240000
470584,420000
318959,360000
216527,120000
1094002,325000
963241,380000
629498,350000
1279983,200000
87067,215000
89357,225000
539201,300000
35408,430000
1095963,300000
1195975,200000
542295,180000
552848,120000
336560,450000
863466,350000
358114,450000
895719,310000
1224952,325000
625434,565000
1091302,120000
390591,180000
359490,120000
641531,330000
1202783,275000
812583,290000
203510,325000
1042343,120000
628331,200000
814679,120000
352811,120000
1049856,355000
898265,350000
951294,220000
1089747,315000
220779,435000
895817,325000
609147,415000
530518,150000
1220653,310000
336591,330000
262077,80000
536794,450000
1264544,120000
641272,335000
439791,350000
947697,325000
794269,325000
676286,400000
604529,450000
600997,240000
514167,260000
991636,180000
1098764,120000
525682,360000
982461,275000
342188,420000
286955,350000
676743,400000
602029,150000
330310,280000
797600,600000
217036,415000
614179,180000
45421,415000
354749,140000
343490,225000
1133460,95000
30388,280000
580712,400000
1062655,300000
632106,180000
1010140,330000
597142,340000
250399,90000
38032,850000
670672,280000
1081475,310000
348114,335000
666201,325000
326565,305000
350149,420000
1255801,315000
469012,360000
618308,600000
1112865,315000